database_identifier	chemical_formula	smiles	inchi	metabolite_identification	mass_to_charge	fragmentation	modifications	charge	retention_time	taxid	species	database	database_version	reliability	uri	search_engine	search_engine_score	smallmolecule_abundance_sub	smallmolecule_abundance_stdev_sub	smallmolecule_abundance_std_error_sub	MN063A	MN063B	MN063C	CS063A	CS063B	CS063C	AM063A	AM063B	AM063C	MN073A	MN073B	MN073C	CS073A	CS073B	CS073C	AM073A	AM073B	AM073C	MN083A	MN083B	MN083C	CS083A	CS083B	CS083C	AM083A	AM083B	AM083C
CHEBI:29560	C30H27O13	O[C@@H]1[C@@H](COC(=O)C=Cc2ccc(O)cc2)O[C@@H](Oc2cc3c(O)cc(O)cc3[o+]c2-c2ccc(O)c(O)c2)[C@H](O)[C@H]1O	InChI=1S/C30H26O13/c31-16-5-1-14(2-6-16)3-8-25(36)40-13-24-26(37)27(38)28(39)30(43-24)42-23-12-18-20(34)10-17(32)11-22(18)41-29(23)15-4-7-19(33)21(35)9-15/h1-12,24,26-28,30,37-39H,13H2,(H4-,31,32,33,34,35,36)/p+1/t24-,26-,27+,28-,30-/m1/s1	cyanidin-(coumaroyl)-3-O glucoside, trans isomer	593.435499				27.58450808	NEWT:29760	Vitis vinifera (Grape)										570,212	1,146,954	1,265,932	740,907	1,594,871	1,672,119	1,473,363	1,560,955	1,405,230	2,201,810	1,765,813	1,708,407	1,663,398	1,301,340	1,535,818	1,990,944	2,199,749	2,996,323	2,376,998	1,999,703	2,536,027	1,730,290	1,715,963	1,908,214	3,278,405	2,785,963	2,200,979
CHEBI:75675	C30H27O14	O[C@@H]1[C@@H](COC(=O)C=C/c2ccc(O)cc2)O[C@@H](Oc2cc3c(O)cc(O)cc3[o+]c2-c2cc(O)c(O)c(O)c2)[C@H](O)[C@H]1O	InChI=1S/C30H26O14/c31-15-4-1-13(2-5-15)3-6-24(36)41-12-23-26(38)27(39)28(40)30(44-23)43-22-11-17-18(33)9-16(32)10-21(17)42-29(22)14-7-19(34)25(37)20(35)8-14/h1-11,23,26-28,30,38-40H,12H2,(H5-,31,32,33,34,35,36,37)/p+1/t23-,26-,27+,28-,30-/m1/s1	delfinidin-(coumaroyl)-3-O glucoside, cis isomer	609.1732048				22.9960399	NEWT:29760	Vitis vinifera (Grape)										78,128	21,753	47,402	178,590	67,266	51,171	62,714	32,414	37,411	45,548	55,723	58,594	36,814	29,272	16,501	63,188	70,378	137,113	455,868	261,058	311,806	145,237	142,183	106,212	132,859	157,812	115,499
CHEBI:75678	C23H23O13	CC(=O)OC[C@H]1O[C@@H](Oc2cc3c(O)cc(O)cc3[o+]c2-c2cc(O)c(O)c(O)c2)[C@H](O)[C@@H](O)[C@@H]1O	InChI=1S/C23H22O13/c1-8(24)33-7-17-19(30)20(31)21(32)23(36-17)35-16-6-11-12(26)4-10(25)5-15(11)34-22(16)9-2-13(27)18(29)14(28)3-9/h2-6,17,19-21,23,30-32H,7H2,1H3,(H4-,25,26,27,28,29)/p+1/t17-,19-,20+,21-,23-/m1/s1	delphinidin-(acetyl)-3-O-glucoside	505.7134148				19.38963261	NEWT:29760	Vitis vinifera (Grape)										73,722	57,684	20,420	80,262	14,724	80,486	27,613	25,455	66,182	67,631	99,151	84,989	42,239	85,765	124,704	80,772	91,202	67,456	46,536	103,917	118,105	50,811	66,258	53,815	96,674	88,219	58,412
CHEBI:75677	C30H27O14	O[C@@H]1[C@@H](COC(=O)C=Cc2ccc(O)cc2)O[C@@H](Oc2cc3c(O)cc(O)cc3[o+]c2-c2cc(O)c(O)c(O)c2)[C@H](O)[C@H]1O	InChI=1S/C30H26O14/c31-15-4-1-13(2-5-15)3-6-24(36)41-12-23-26(38)27(39)28(40)30(44-23)43-22-11-17-18(33)9-16(32)10-21(17)42-29(22)14-7-19(34)25(37)20(35)8-14/h1-11,23,26-28,30,38-40H,12H2,(H5-,31,32,33,34,35,36,37)/p+1/t23-,26-,27+,28-,30-/m1/s1	delphinidin-(coumaroyl)-3-O glucoside, trans isomer	609.2667155				25.2991509	NEWT:29760	Vitis vinifera (Grape)										854,970	644,729	565,201	502,796	578,760	971,940	394,561	292,165	346,711	1,542,555	949,804	954,256	933,640	985,226	930,288	1,444,580	1,441,084	1,829,318	1,320,769	1,199,039	1,575,221	857,398	864,553	760,206	1,779,951	1,349,079	1,028,108
CHEBI:75689	C25H27O13	COc1cc(cc(OC)c1O)-c1[o+]c2cc(O)cc(O)c2cc1O[C@@H]1O[C@H](COC(C)=O)[C@@H](O)[C@H](O)[C@H]1O	InChI=1S/C25H26O13/c1-10(26)35-9-19-21(30)22(31)23(32)25(38-19)37-18-8-13-14(28)6-12(27)7-15(13)36-24(18)11-4-16(33-2)20(29)17(5-11)34-3/h4-8,19,21-23,25,30-32H,9H2,1-3H3,(H2-,27,28,29)/p+1/t19-,21-,22+,23-,25-/m1/s1	malvidin-(acetyl)-3-O-glucoside	533.3992427				25.52273675	NEWT:29760	Vitis vinifera (Grape)										151,805	251,781	136,309	1,091,069	170,580	269,069	225,428	151,968	189,122	143,920	777,080	696,509	233,411	585,960	508,189	627,667	623,768	801,197	797,679	1,364,097	1,505,647	1,231,579	1,243,974	863,632	889,303	1,526,714	1,125,649
CHEBI:75691	C32H31O14	COc1cc(cc(OC)c1O)-c1[o+]c2cc(O)cc(O)c2cc1O[C@@H]1O[C@H](COC(=O)C=C/c2ccc(O)cc2)[C@@H](O)[C@H](O)[C@H]1O	InChI=1S/C32H30O14/c1-41-22-9-16(10-23(42-2)27(22)37)31-24(13-19-20(35)11-18(34)12-21(19)44-31)45-32-30(40)29(39)28(38)25(46-32)14-43-26(36)8-5-15-3-6-17(33)7-4-15/h3-13,25,28-30,32,38-40H,14H2,1-2H3,(H3-,33,34,35,36,37)/p+1/t25-,28-,29+,30-,32-/m1/s1	malvidin-(coumaroyl)-3-O-glucoside, cis isomer	637.335936				29.06512376	NEWT:29760	Vitis vinifera (Grape)										345,240	92,550	80,396	1,072,201	1,434,378	246,381	979,970	911,598	1,003,046	28,748	54,308	56,004	233,613	153,304	127,643	104,015	55,070	51,813	1,433,923	3,812,427	1,016,197	2,352,488	2,341,180	993,244	93,514	1,237,615	1,078,068
CHEBI:75693	C32H31O14	COc1cc(cc(OC)c1O)-c1[o+]c2cc(O)cc(O)c2cc1O[C@@H]1O[C@H](COC(=O)C=Cc2ccc(O)cc2)[C@@H](O)[C@H](O)[C@H]1O	InChI=1S/C32H30O14/c1-41-22-9-16(10-23(42-2)27(22)37)31-24(13-19-20(35)11-18(34)12-21(19)44-31)45-32-30(40)29(39)28(38)25(46-32)14-43-26(36)8-5-15-3-6-17(33)7-4-15/h3-13,25,28-30,32,38-40H,14H2,1-2H3,(H3-,33,34,35,36,37)/p+1/t25-,28-,29+,30-,32-/m1/s1	malvidin-(coumaroyl)-3-O-glucoside, trans isomer	637.421505				31.95577771	NEWT:29760	Vitis vinifera (Grape)										1,031,558	2,306,557	3,339,146	1,915,338	4,181,179	2,336,155	2,646,445	2,459,766	2,279,817	1,841,006	2,622,295	2,570,926	2,540,412	3,372,002	3,367,079	4,480,897	4,389,567	6,775,588	6,239,292	6,467,132	6,504,004	6,387,772	6,222,678	4,601,935	6,807,984	7,423,845	5,508,224
CHEBI:75697	C24H25O12	COc1cc(ccc1O)-c1[o+]c2cc(O)cc(O)c2cc1O[C@@H]1O[C@H](COC(C)=O)[C@@H](O)[C@H](O)[C@H]1O	InChI=1S/C24H24O12/c1-10(25)33-9-19-20(29)21(30)22(31)24(36-19)35-18-8-13-15(28)6-12(26)7-16(13)34-23(18)11-3-4-14(27)17(5-11)32-2/h3-8,19-22,24,29-31H,9H2,1-2H3,(H2-,26,27,28)/p+1/t19-,20-,21+,22-,24-/m1/s1	peonidin-(acetyl)-3-O-glucoside	503.3936823				24.81813922	NEWT:29760	Vitis vinifera (Grape)										304,773	94,520	174,944	324,049	270,958	62,640	161,380	167,616	140,002	13,541	106,181	150,931	48,670	60,732	290,521	125,500	170,622	178,832	350,478	234,706	271,282	298,860	323,853	224,249	165,885	285,759	246,180
CHEBI:75706	C31H29O13	COc1cc(ccc1O)-c1[o+]c2cc(O)cc(O)c2cc1O[C@@H]1O[C@H](COC(=O)C=C/c2ccc(O)cc2)[C@@H](O)[C@H](O)[C@H]1O	InChI=1S/C31H28O13/c1-40-23-10-16(5-8-20(23)34)30-24(13-19-21(35)11-18(33)12-22(19)42-30)43-31-29(39)28(38)27(37)25(44-31)14-41-26(36)9-4-15-2-6-17(32)7-3-15/h2-13,25,27-29,31,37-39H,14H2,1H3,(H3-,32,33,34,35,36)/p+1/t25-,27-,28+,29-,31-/m1/s1	peonidin-(coumaroyl)-3-O-glucoside, cis isomer	607.553968				28.62227494	NEWT:29760	Vitis vinifera (Grape)										484,091	246,963	107,523	172,104	144,251	310,996	104,391	72,748	113,533	127,928	100,241	137,024	351,599	154,532	140,696	151,400	157,067	157,890	188,527	175,439	229,095	171,001	230,270	179,809	130,585	132,680	117,627
CHEBI:75707	C31H29O13	COc1cc(ccc1O)-c1[o+]c2cc(O)cc(O)c2cc1O[C@@H]1O[C@H](COC(=O)C=Cc2ccc(O)cc2)[C@@H](O)[C@H](O)[C@H]1O	InChI=1S/C31H28O13/c1-40-23-10-16(5-8-20(23)34)30-24(13-19-21(35)11-18(33)12-22(19)42-30)43-31-29(39)28(38)27(37)25(44-31)14-41-26(36)9-4-15-2-6-17(32)7-3-15/h2-13,25,27-29,31,37-39H,14H2,1H3,(H3-,32,33,34,35,36)/p+1/t25-,27-,28+,29-,31-/m1/s1	peonidin-(coumaroyl)-3-O-glucoside, trans isomer	607.5735307				31.27734035	NEWT:29760	Vitis vinifera (Grape)										658,158	1,830,361	3,239,537	2,594,109	5,492,498	2,408,268	3,068,764	3,239,433	3,013,442	2,379,598	2,750,174	2,832,279	2,554,537	2,312,203	2,485,376	3,261,039	3,409,781	5,385,069	5,389,517	5,592,705	5,844,026	6,221,072	6,135,072	4,991,349	5,445,661	6,242,497	5,289,678
CHEBI:75708	C31H29O14	COc1cc(cc(O)c1O)-c1[o+]c2cc(O)cc(O)c2cc1O[C@@H]1O[C@H](COC(=O)C=C/c2ccc(O)cc2)[C@@H](O)[C@H](O)[C@H]1O	InChI=1S/C31H28O14/c1-41-22-9-15(8-20(35)26(22)37)30-23(12-18-19(34)10-17(33)11-21(18)43-30)44-31-29(40)28(39)27(38)24(45-31)13-42-25(36)7-4-14-2-5-16(32)6-3-14/h2-12,24,27-29,31,38-40H,13H2,1H3,(H4-,32,33,34,35,36,37)/p+1/t24-,27-,28+,29-,31-/m1/s1	petunidin-(coumaroyl)-3-O-glucoside, cis isomer	623.2296347				26.93317316	NEWT:29760	Vitis vinifera (Grape)										62,417	45,405	46,095	42,864	49,048	39,957	53,076	48,592	32,980	115,510	111,064	78,828	42,552	83,004	83,862	81,013	74,281	80,108	60,798	108,722	80,663	76,869	95,946	78,990	104,927	87,060	65,985
CHEBI:75709	C31H29O14	COc1cc(cc(O)c1O)-c1[o+]c2cc(O)cc(O)c2cc1O[C@@H]1O[C@H](COC(=O)C=Cc2ccc(O)cc2)[C@@H](O)[C@H](O)[C@H]1O	InChI=1S/C31H28O14/c1-41-22-9-15(8-20(35)26(22)37)30-23(12-18-19(34)10-17(33)11-21(18)43-30)44-31-29(40)28(39)27(38)24(45-31)13-42-25(36)7-4-14-2-5-16(32)6-3-14/h2-12,24,27-29,31,38-40H,13H2,1H3,(H4-,32,33,34,35,36,37)/p+1/t24-,27-,28+,29-,31-/m1/s1	petunidin-(coumaroyl)-3-O-glucoside, trans isomer	623.3810808				28.54420887	NEWT:29760	Vitis vinifera (Grape)										298,318	585,922	598,811	334,080	674,609	1,063,286	428,405	362,146	351,501	1,765,602	1,009,714	970,836	1,014,846	1,192,033	1,129,027	1,544,177	1,595,847	2,182,399	1,334,339	1,393,358	1,734,251	1,042,243	1,027,233	936,406	2,136,604	1,565,509	1,178,616
CHEBI:131449	C23H23O12+	C1=C(C=C(C=2C1=[O+]C(=C(C2)O[C@@H]3O[C@@H]([C@H]([C@@H]([C@H]3O)O)O)COC(=O)C)C4=CC=C(C(=C4)O)O)O)O	InChI=1S/C23H22O12/c1-9(24)32-8-18-19(29)20(30)21(31)23(35-18)34-17-7-12-14(27)5-11(25)6-16(12)33-22(17)10-2-3-13(26)15(28)4-10/h2-7,18-21,23,29-31H,8H2,1H3,(H3-,25,26,27,28)/p+1/t18-,19-,20+,21-,23-/m1/s1	putative cyanidin-(acetyl)-3-O-glucoside	489.6770345				22.22445812	NEWT:29760	Vitis vinifera (Grape)										95,465	118,133	46,456	55,541	25,901	243,184	22,141	17,713	34,193	252,812	43,655	37,930	239,842	39,462	180,560	45,943	93,038	52,166	60,347	49,458	134,504	88,515	33,140	44,675	15,625	57,295	59,672
CHEBI:131451	C30H27O13+	C(OC(/C=CC1=CC=C(C=C1)O)=O)[C@@H]2[C@@H](O)[C@H](O)[C@@H](O)[C@@H](O2)OC=3C(C4=CC(=C(O)C=C4)O)=[O+]C5=C(C3)C(=CC(O)=C5)O	InChI=1S/C30H26O13/c31-16-5-1-14(2-6-16)3-8-25(36)40-13-24-26(37)27(38)28(39)30(43-24)42-23-12-18-20(34)10-17(32)11-22(18)41-29(23)15-4-7-19(33)21(35)9-15/h1-12,24,26-28,30,37-39H,13H2,(H4-,31,32,33,34,35,36)/p+1/t24-,26-,27+,28-,30-/m1/s1	putative cyanidin-(coumaroyl)-3-O glucoside, cis isomer	593.3106244				25.19714688	NEWT:29760	Vitis vinifera (Grape)										614,408	584,468	70,667	114,131	66,037	778,971	43,629	58,415	62,776	86,160	87,270	46,725	847,959	68,899	67,423	79,786	83,984	63,118	34,893	70,134	56,449	82,820	67,314	50,516	83,914	78,691	56,300
CHEBI:131452	C32H31O15+	C=1(C(O[C@@H]2O[C@@H]([C@@H](O)[C@H](O)[C@H]2O)COC(/C=CC3=CC=C(O)C(=C3)O)=O)=CC4=C([O+]1)C=C(O)C=C4O)C5=CC(=C(O)C(=C5)OC)OC	InChI=1S/C32H30O15/c1-42-22-8-15(9-23(43-2)27(22)38)31-24(12-17-19(35)10-16(33)11-21(17)45-31)46-32-30(41)29(40)28(39)25(47-32)13-44-26(37)6-4-14-3-5-18(34)20(36)7-14/h3-12,25,28-30,32,39-41H,13H2,1-2H3,(H4-,33,34,35,36,37,38)/p+1/t25-,28-,29+,30-,32-/m1/s1	putative malvidin-(caffeoyl)-3-0-glucoside, cis isomer	653.1621784				27.68337518	NEWT:29760	Vitis vinifera (Grape)										44,031	7,429	2,695	95,201	34,531	41,454	65,136	17,858	78,303	40,211	19,296	10,481	42,600	12,120	10,199	18,700	9,090	39,763	69,516	57,316	105,801	116,383	95,929	30,653	29,727	45,962	75,135
CHEBI:131453	C32H31O15+	C=1(C(O[C@@H]2O[C@@H]([C@@H](O)[C@H](O)[C@H]2O)COC(/C=C/C3=CC=C(O)C(=C3)O)=O)=CC4=C([O+]1)C=C(O)C=C4O)C5=CC(=C(O)C(=C5)OC)OC	InChI=1S/C32H30O15/c1-42-22-8-15(9-23(43-2)27(22)38)31-24(12-17-19(35)10-16(33)11-21(17)45-31)46-32-30(41)29(40)28(39)25(47-32)13-44-26(37)6-4-14-3-5-18(34)20(36)7-14/h3-12,25,28-30,32,39-41H,13H2,1-2H3,(H4-,33,34,35,36,37,38)/p+1/t25-,28-,29+,30-,32-/m1/s1	putative malvidin-(caffeoyl)-3-O-glucoside, trans isomer	653.2151619				31.28628375	NEWT:29760	Vitis vinifera (Grape)										179,281	164,484	3,142	7,772	5,897	286,079	9,639	4,419	9,159	21,804	20,927	12,796	263,863	15,671	11,403	14,496	16,967	6,139	23,370	2,788	22,009	12,762	21,754	23,354	5,294	19,758	11,745
CHEBI:28426	C21H20O11	OC[C@H]1O[C@@H](Oc2cc3c(O)cc(O)cc3[o+]c2-c2ccc(O)c(O)c2)[C@H](O)[C@@H](O)[C@@H]1O	InChI=1S/C21H20O11/c22-7-16-17(27)18(28)19(29)21(32-16)31-15-6-10-12(25)4-9(23)5-14(10)30-20(15)8-1-2-11(24)13(26)3-8/h1-6,16-19,21-22,27-29H,7H2,(H3-,23,24,25,26)/p+1/t16-,17-,18+,19-,21-/m1/s1	cyanidin-3-O-glucoside	447.6587898				14.4414703	NEWT:29760	Vitis vinifera (Grape)										5,374,847	3,819,091	5,358,531	6,081,603	7,166,053	4,295,181	4,183,905	5,355,573	5,607,920	6,469,335	7,004,818	6,637,384	4,187,557	2,150,689	2,040,473	1,957,904	2,085,064	5,060,215	7,522,388	9,601,264	9,289,824	5,157,147	5,322,581	7,315,252	4,827,199	6,478,661	7,219,823
CHEBI:31463	C21H20O12	OC[C@H]1O[C@@H](Oc2cc3c(O)cc(O)cc3[o+]c2-c2cc(O)c(O)c(O)c2)[C@H](O)[C@@H](O)[C@@H]1O	InChI=1S/C21H20O12/c22-6-15-17(28)18(29)19(30)21(33-15)32-14-5-9-10(24)3-8(23)4-13(9)31-20(14)7-1-11(25)16(27)12(26)2-7/h1-5,15,17-19,21-22,28-30H,6H2,(H4-,23,24,25,26,27)/p+1/t15-,17-,18+,19-,21-/m1/s1	delfinidin-3-O-glucoside	463.5592404				12.53230903	NEWT:29760	Vitis vinifera (Grape)										10,617,795	8,977,606	9,970,320	8,640,072	10,542,145	8,348,560	6,259,087	5,036,662	6,877,472	19,996,642	16,368,436	16,239,490	7,964,524	6,914,828	6,762,008	7,082,141	7,160,413	12,995,216	18,138,657	19,422,373	26,204,875	6,131,716	6,399,689	11,596,355	12,719,302	10,764,975	11,992,261
CHEBI:31799	C23H25O12	COc1cc(cc(OC)c1O)-c1[o+]c2cc(O)cc(O)c2cc1O[C@@H]1O[C@H](CO)[C@@H](O)[C@H](O)[C@H]1O	InChI=1S/C23H24O12/c1-31-14-3-9(4-15(32-2)18(14)27)22-16(7-11-12(26)5-10(25)6-13(11)33-22)34-23-21(30)20(29)19(28)17(8-24)35-23/h3-7,17,19-21,23-24,28-30H,8H2,1-2H3,(H2-,25,26,27)/p+1/t17-,19-,20+,21-,23-/m1/s1	malvidin-3-O-glucoside	491.6587485				18.02641852	NEWT:29760	Vitis vinifera (Grape)										14,931,973	13,538,132	19,898,915	16,267,421	19,014,517	11,327,230	13,495,206	14,540,669	12,681,088	14,974,995	14,945,251	14,378,759	12,085,164	11,370,534	11,430,256	10,712,230	10,353,389	18,959,675	25,041,825	23,011,505	23,446,862	21,227,796	20,788,449	17,997,810	18,513,455	21,719,177	19,026,568
unknown				peonidin derivative (da positivo)	461.7460483				21.82242413	NEWT:29760	Vitis vinifera (Grape)										64,955	79,539	51,645	96,953	63,489	53,205	183,527	120,714	209,106	23,689	60,133	66,677	60,708	22,466	69,597	68,391	32,631	62,672	125,262	76,551	21,399	228,567	227,104	181,936	62,662	187,228	110,842
CHEBI:74793	C22H23O11	COc1cc(ccc1O)-c1[o+]c2cc(O)cc(O)c2cc1O[C@@H]1O[C@H](CO)[C@@H](O)[C@H](O)[C@H]1O	InChI=1S/C22H22O11/c1-30-15-4-9(2-3-12(15)25)21-16(7-11-13(26)5-10(24)6-14(11)31-21)32-22-20(29)19(28)18(27)17(8-23)33-22/h2-7,17-20,22-23,27-29H,8H2,1H3,(H2-,24,25,26)/p+1/t17-,18-,19+,20-,22-/m1/s1	peonidin-3-O-glucoside	461.921226				17.1697835	NEWT:29760	Vitis vinifera (Grape)										3,190,004	6,924,491	13,191,386	13,559,315	18,112,780	7,364,691	8,308,280	10,926,290	8,864,642	6,631,124	8,686,958	9,111,160	7,209,706	4,158,715	5,320,107	2,335,838	2,525,627	9,022,533	16,666,018	16,336,086	16,057,804	14,213,821	14,488,026	11,926,936	9,629,805	12,354,755	14,713,132
CHEBI:31985	C22H23O12	COc1cc(cc(O)c1O)-c1[o+]c2cc(O)cc(O)c2cc1O[C@@H]1O[C@H](CO)[C@@H](O)[C@H](O)[C@H]1O	InChI=1S/C22H22O12/c1-31-14-3-8(2-12(26)17(14)27)21-15(6-10-11(25)4-9(24)5-13(10)32-21)33-22-20(30)19(29)18(28)16(7-23)34-22/h2-6,16,18-20,22-23,28-30H,7H2,1H3,(H3-,24,25,26,27)/p+1/t16-,18-,19+,20-,22-/m1/s1	petunidin-3-O-glucoside	477.4298643				15.64976839	NEWT:29760	Vitis vinifera (Grape)										7,033,661	6,158,590	7,712,645	6,605,074	7,870,685	6,210,017	4,376,801	4,052,127	4,668,073	11,477,627	8,098,281	8,994,592	6,166,880	4,699,989	5,117,599	5,123,532	4,688,271	9,073,886	10,691,195	11,725,708	14,205,661	6,337,618	6,539,522	7,631,496	8,903,152	9,100,828	7,869,378
CHEBI:16778|CHEBI:28327	C21H20O10|C21H22O10	C1C(OC2=CC(=CC(=C2C1=O)O)OC3C(C(C(C(O3)CO)O)O)O)C4=CC=C(C=C4)O	InChI=1S/C21H20O10/c22-8-16-18(26)19(27)20(28)21(31-16)29-11-5-12(24)17-13(25)7-14(30-15(17)6-11)9-1-3-10(23)4-2-9/h1-7,16,18-24,26-28H,8H2/t16-,18-,19+,20-,21-/m1/s1|InChI=1S/C21H22O10/c22-8-16-18(26)19(27)20(28)21(31-16)29-11-5-12(24)17-13(25)7-14(30-15(17)6-11)9-1-3-10(23)4-2-9/h1-6,14,16,18-24,26-28H,7-8H2/t14-,16+,18+,19-,20+,21+/m0/s1	apigenin glucoside (less likely)|naringenin glucoside (more likely)	433.6958522				26.61017145	NEWT:29760	Vitis vinifera (Grape)										124,540	77,437	81,540	132,959	33,463	32,453	113,875	104,256	90,794	9,608	26,074	26,742	29,121	17,716	50,008	31,484	38,570	50,400	285,313	128,961	115,962	135,975	122,313	69,978	27,143	154,939	99,956
unknown|CHEBI:75721|CHEBI:75723|CHEBI:75724|CHEBI:75726|CHEBI:75727|CHEBI:18128	C21H18O12	C1=CC(=C(C=C1C2=CC(=O)C3=C(C=C(C=C3O2)OC4C(C(C(C(O4)C(=O)O)O)O)O)O)O)O	InChI=1S/C21H18O12/c22-9-2-1-7(3-10(9)23)13-6-12(25)15-11(24)4-8(5-14(15)32-13)31-21-18(28)16(26)17(27)19(33-21)20(29)30/h1-6,16-19,21-24,26-28H,(H,29,30)/t16-,17-,18+,19-,21+/m0/s1	1) quercetin derivative;  2) kaempferol or luteolin glucuronide	461.2995265				23.32296272	NEWT:29760	Vitis vinifera (Grape)										84,047	121,274	188,144	209,010	105,688	233,366	170,883	188,951	174,157	329,542	651,041	66,103	266,966	224,015	592,158	314,624	234,770	418,918	456,549	448,939	340,359	356,295	386,142	289,797	642,105	135,895	167,992
CHEBI:38200	C21H22O11	C[C@@H]1O[C@@H](O[C@@H]2[C@H](Oc3cc(O)cc(O)c3C2=O)c2ccc(O)c(O)c2)[C@H](O)[C@H](O)[C@H]1O	InChI=1S/C21H22O11/c1-7-15(26)17(28)18(29)21(30-7)32-20-16(27)14-12(25)5-9(22)6-13(14)31-19(20)8-2-3-10(23)11(24)4-8/h2-7,15,17-26,28-29H,1H3/t7-,15-,17+,18+,19+,20-,21-/m0/s1	dihydroquercetin-O-deoxyhexoside (astilbin)	450.1498538				19.75582401	NEWT:29760	Vitis vinifera (Grape)										1,520,695	2,972,757	3,538,479	4,018,307	3,340,439	3,407,445	4,492,897	3,926,752	4,085,950	1,097,020	1,577,191	1,914,080	1,433,244	1,105,588	1,096,692	2,020,229	1,284,660	6,383,048	7,926,722	6,850,822	7,666,445	6,357,329	6,394,532	3,873,739	6,428,777	7,593,623	4,784,417
unknown				dihydroquercetin-O-deoxyhexoside, derivative	512.091171				19.68146403	NEWT:29760	Vitis vinifera (Grape)										305,638	203,287	181,240	316,041	276,552	216,894	162,186	135,039	141,282	180,676	135,776	130,567	220,371	161,048	172,172	165,425	196,217	290,357	361,231	319,410	339,030	365,994	380,155	326,030	282,607	302,148	253,534
CHEBI:75739|CHEBI:75740|CHEBI:75741|CHEBI:75744|CHEBI:75746|CHEBI:75748|CHEBI:75749	C20H20O11			dihydroquercetin-O-pentoside	435.5707749				15.95041975	NEWT:29760	Vitis vinifera (Grape)										61,680	187,510	204,309	68,559	190,349	138,920	200,521	155,433	191,721	46,517	455,937	375,087	135,281	521,660	438,843	705,657	743,895	632,816	755,965	593,565	473,377	871,056	839,153	415,225	617,589	1,151,960	474,412
CHEBI:75750|CHEBI:75751|CHEBI:75752|CHEBI:75758|CHEBI:75773|CHEBI:75777|CHEBI:75783	C22H22O12			dihydroxy-dimethoxyflavanone-O-hexoside (isorhamnetin-O-hexoside)	477.5468208				24.49974772	NEWT:29760	Vitis vinifera (Grape)										1,567,549	855,886	958,423	1,884,163	1,023,983	781,368	1,072,908	652,844	679,224	1,007,752	804,474	802,817	807,931	319,936	288,811	1,213,541	1,144,557	1,494,196	1,362,482	1,077,215	2,004,252	908,044	911,249	1,235,815	1,548,033	1,316,940	1,017,609
unknown	C21H22O12			hexahydroxyflavanone-C-deoxyhexoside	465.5452221				14.22904671	NEWT:29760	Vitis vinifera (Grape)										2,256,473	1,058,100	1,989,003	2,502,100	3,929,593	1,552,753	1,502,972	1,399,673	1,151,809	1,458,992	1,204,610	1,378,580	1,507,961	352,650	381,210	297,769	340,797	1,877,302	2,290,295	2,903,816	3,256,749	1,597,817	1,606,872	1,484,338	1,880,059	2,411,135	1,333,158
unknown	C21H22O13			hexahydroxyflavanone-C-hexoside	481.3031906				12.50316878	NEWT:29760	Vitis vinifera (Grape)										1,002,347	568,207	515,786	586,687	664,032	441,671	356,181	295,732	388,091	848,506	689,942	677,921	433,493	233,760	234,207	279,663	286,115	635,631	509,482	881,728	1,172,032	290,216	320,256	646,379	607,098	536,496	680,613
unknown	C21H22O13			hexahydroxyflavanone-C-hexoside	481.3787144				6.169733713	NEWT:29760	Vitis vinifera (Grape)										757,705	487,457	317,058	439,613	541,876	434,457	310,651	53,892	77,981	180,842	252,376	282,768	434,411	61,434	93,185	69,170	90,342	296,199	168,190	648,876	826,213	241,540	249,466	140,358	262,132	338,061	194,810
CHEBI:30200|CHEBI:31742|CHEBI:75790|CHEBI:75791|CHEBI:75794|CHEBI:75795|CHEBI:75796|CHEBI:75797|CHEBI:75798|CHEBI:75802|CHEBI:75805	C21H20O11	OC[C@H]1O[C@@H](Oc2c(oc3cc(O)cc(O)c3c2=O)-c2ccc(O)cc2)[C@H](O)[C@@H](O)[C@@H]1O|OC[C@H]1O[C@@H](Oc2c(oc3cc(O)cc(O)c3c2=O)-c2ccc(O)cc2)[C@H](O)[C@@H](O)[C@H]1O|OC[C@H]1O[C@@H](Oc2cc(O)c3c(c2)oc(-c2ccc(O)cc2)c(O)c3=O)[C@H](O)[C@@H](O)[C@@H]1O|OC[C@@H]1O[C@H](Oc2c(oc3cc(O)cc(O)c3c2=O)-c2ccc(O)cc2)[C@@H](O)[C@H](O)[C@H]1O|OC[C@H]1O[C@@H](Oc2cc(O)c3c(c2)oc(-c2ccc(O)cc2)c(O)c3=O)[C@H](O)[C@@H](O)[C@H]1O|OC[C@H]1O[C@@H](Oc2ccc(cc2)-c2oc3cc(O)cc(O)c3c(=O)c2O)[C@H](O)[C@@H](O)[C@@H]1O|OC[C@H]1O[C@@H](Oc2c(oc3cc(O)cc(O)c3c2=O)-c2ccc(O)cc2)[C@H](O)[C@H](O)[C@@H]1O|OC[C@@H]1O[C@@H](Oc2c(oc3cc(O)cc(O)c3c2=O)-c2ccc(O)cc2)[C@@H](O)[C@H](O)[C@H]1O|OC[C@@H](O)[C@H]1O[C@@H](Oc2c(oc3cc(O)cc(O)c3c2=O)-c2ccc(O)cc2)[C@H](O)[C@H]1O|OC[C@H]1O[C@@H](Oc2cc(O)cc3oc(-c4ccc(O)cc4)c(O)c(=O)c23)[C@H](O)[C@@H](O)[C@@H]1O|OC[C@@H]1O[C@H](Oc2cc(O)cc3oc(-c4ccc(O)cc4)c(O)c(=O)c23)[C@@H](O)[C@H](O)[C@H]1O	InChI=1S/C21H20O11/c22-7-13-15(26)17(28)18(29)21(31-13)32-20-16(27)14-11(25)5-10(24)6-12(14)30-19(20)8-1-3-9(23)4-2-8/h1-6,13,15,17-18,21-26,28-29H,7H2/t13-,15-,17+,18-,21+/m1/s1|InChI=1S/C21H20O11/c22-7-13-15(26)17(28)18(29)21(31-13)32-20-16(27)14-11(25)5-10(24)6-12(14)30-19(20)8-1-3-9(23)4-2-8/h1-6,13,15,17-18,21-26,28-29H,7H2/t13-,15+,17+,18-,21+/m1/s1|InChI=1S/C21H20O11/c22-7-13-15(25)17(27)19(29)21(32-13)30-10-5-11(24)14-12(6-10)31-20(18(28)16(14)26)8-1-3-9(23)4-2-8/h1-6,13,15,17,19,21-25,27-29H,7H2/t13-,15-,17+,19-,21-/m1/s1|InChI=1S/C21H20O11/c22-7-13-15(26)17(28)18(29)21(31-13)32-20-16(27)14-11(25)5-10(24)6-12(14)30-19(20)8-1-3-9(23)4-2-8/h1-6,13,15,17-18,21-26,28-29H,7H2/t13-,15-,17+,18-,21+/m0/s1|InChI=1S/C21H20O11/c22-7-13-15(25)17(27)19(29)21(32-13)30-10-5-11(24)14-12(6-10)31-20(18(28)16(14)26)8-1-3-9(23)4-2-8/h1-6,13,15,17,19,21-25,27-29H,7H2/t13-,15+,17+,19-,21-/m1/s1|InChI=1S/C21H20O11/c22-7-13-15(25)17(27)19(29)21(32-13)30-10-3-1-8(2-4-10)20-18(28)16(26)14-11(24)5-9(23)6-12(14)31-20/h1-6,13,15,17,19,21-25,27-29H,7H2/t13-,15-,17+,19-,21-/m1/s1|InChI=1S/C21H20O11/c22-7-13-15(26)17(28)18(29)21(31-13)32-20-16(27)14-11(25)5-10(24)6-12(14)30-19(20)8-1-3-9(23)4-2-8/h1-6,13,15,17-18,21-26,28-29H,7H2/t13-,15-,17-,18-,21+/m1/s1|InChI=1S/C21H20O11/c22-7-13-15(26)17(28)18(29)21(31-13)32-20-16(27)14-11(25)5-10(24)6-12(14)30-19(20)8-1-3-9(23)4-2-8/h1-6,13,15,17-18,21-26,28-29H,7H2/t13-,15-,17+,18-,21-/m0/s1|InChI=1S/C21H20O11/c22-7-12(26)19-16(28)17(29)21(31-19)32-20-15(27)14-11(25)5-10(24)6-13(14)30-18(20)8-1-3-9(23)4-2-8/h1-6,12,16-17,19,21-26,28-29H,7H2/t12-,16-,17-,19-,21+/m1/s1|InChI=1S/C21H20O11/c22-7-13-15(25)17(27)19(29)21(32-13)31-12-6-10(24)5-11-14(12)16(26)18(28)20(30-11)8-1-3-9(23)4-2-8/h1-6,13,15,17,19,21-25,27-29H,7H2/t13-,15-,17+,19-,21-/m1/s1|InChI=1S/C21H20O11/c22-7-13-15(25)17(27)19(29)21(32-13)31-12-6-10(24)5-11-14(12)16(26)18(28)20(30-11)8-1-3-9(23)4-2-8/h1-6,13,15,17,19,21-25,27-29H,7H2/t13-,15-,17+,19-,21-/m0/s1	kaempferol-O-hexoside	447.4677498				23.41441813	NEWT:29760	Vitis vinifera (Grape)										4,140,146	4,831,676	5,687,177	6,283,563	1,333,830	1,197,784	4,267,881	1,916,287	2,539,956	3,442,875	2,982,133	2,916,041	1,109,899	601,980	595,715	4,229,361	4,293,190	3,007,057	3,784,313	893,370	3,729,199	628,501	331,504	3,084,786	2,900,165	2,156,943	2,281,110
CHEBI:18152|unknown	C15H10O8	Oc1cc(O)c2c(c1)oc(-c1cc(O)c(O)c(O)c1)c(O)c2=O|	InChI=1S/C15H10O8/c16-6-3-7(17)11-10(4-6)23-15(14(22)13(11)21)5-1-8(18)12(20)9(19)2-5/h1-4,16-20,22H|	myricetin|derivative	317.7254972				23.71285095	NEWT:29760	Vitis vinifera (Grape)										24,003	45,324	16,529	8,335	32,705	33,493	24,993	1,693	20,368	26,286	19,468	15,379	37,092	3,818	6,659	5,395	4,642	76,022	130,799	154,985	228,046	35,727	30,236	40,391	77,485	90,342	80,812
CHEBI:75806	C21H18O14			myricetin-O-glucuronide	492.8758189				15.46913152	NEWT:29760	Vitis vinifera (Grape)										36,726	35,005	29,040	38,916	31,235	51,926	32,989	13,077	12,145	87,046	33,524	43,911	62,416	45,564	42,045	45,995	45,068	86,068	48,337	66,981	72,855	49,632	45,475	38,968	85,825	61,664	40,716
CHEBI:75806|CHEBI:75815|CHEBI:75817	C21H18O14|C21H20O13|C21H20O13	|OC[C@H]1O[C@@H](Oc2c(oc3cc(O)cc(O)c3c2=O)-c2cc(O)c(O)c(O)c2)[C@H](O)[C@@H](O)[C@H]1O|OC[C@@H]1O[C@H](Oc2c(oc3cc(O)cc(O)c3c2=O)-c2cc(O)c(O)c(O)c2)[C@@H](O)[C@H](O)[C@@H]1O	|InChI=1S/C21H20O13/c22-5-12-15(28)17(30)18(31)21(33-12)34-20-16(29)13-8(24)3-7(23)4-11(13)32-19(20)6-1-9(25)14(27)10(26)2-6/h1-4,12,15,17-18,21-28,30-31H,5H2/t12-,15+,17+,18-,21+/m1/s1|InChI=1S/C21H20O13/c22-5-12-15(28)17(30)18(31)21(33-12)34-20-16(29)13-8(24)3-7(23)4-11(13)32-19(20)6-1-9(25)14(27)10(26)2-6/h1-4,12,15,17-18,21-28,30-31H,5H2/t12-,15+,17+,18-,21+/m0/s1	myricetin-O-hexoside	479.3199754				16.96189434	NEWT:29760	Vitis vinifera (Grape)										4,039,475	3,952,236	4,985,997	5,875,817	7,040,517	1,907,517	4,464,444	2,419,717	3,093,949	2,800,922	2,643,708	2,237,835	2,692,377	1,011,201	1,070,398	1,988,833	1,871,428	5,835,276	12,778,329	11,198,728	13,807,751	8,184,699	8,077,655	6,393,706	4,803,779	8,251,744	7,679,094
unknown	C22H22O13			pentahydroxy.monomethoxyflavone-O-hexoside	493.4750577				20.90219077	NEWT:29760	Vitis vinifera (Grape)										168,910	359,862	278,352	471,654	438,303	442,575	287,246	165,201	516,525	373,101	280,876	294,420	467,075	708,643	650,726	251,975	239,604	819,772	637,739	516,386	667,231	626,533	626,253	544,901	660,638	539,471	903,113
unknown	C21H20O12			pentahydroxyflavanone-C-hexoside	465.0463647				12.12564215	NEWT:29760	Vitis vinifera (Grape)										458,360	411,299	127,610	615,974	780,808	1,068,704	356,494	460,612	388,231	291,267	167,081	209,157	1,064,895	208,999	234,758	111,572	151,599	207,081	297,062	981,919	388,720	836,559	674,437	328,401	112,075	560,243	492,383
unknown	C21H20O12			pentahydroxyflavanone-O-hexoside	465.4551479				6.354909493	NEWT:29760	Vitis vinifera (Grape)										380,764	98,364	109,724	295,016	344,013	139,327	227,172	186,500	182,528	45,792	92,392	86,051	145,106	64,817	41,486	116,855	88,086	187,160	561,062	556,021	558,113	370,075	372,415	381,709	232,302	353,212	357,599
unknown	C22H22O13			pentahydroxy-monomethoxyflavone-C-hexoside	495.5649156				13.72865026	NEWT:29760	Vitis vinifera (Grape)										725,836	524,367	244,163	328,509	246,539	271,959	271,403	71,650	94,564	37,478	81,115	146,475	268,003	86,131	47,154	29,980	41,752	384,539	1,235,797	1,232,796	1,795,043	336,296	386,535	219,206	348,111	578,209	386,347
unknown	C22H22O11			putative trihydroxy-monomethoxyflavone-C-hexoside	463.0526816				17.06285386	NEWT:29760	Vitis vinifera (Grape)										794,355	489,303	175,985	406,567	725,404	1,134,437	298,327	111,358	130,515	4,981,664	825,708	4,259,219	1,011,664	4,681,281	3,584,753	3,410,031	3,573,250	796,674	669,530	958,192	731,211	724,797	1,061,594	396,506	1,032,344	551,773	457,540
CHEBI:66395	C21H18O13	C1=CC(=C(C=C1C2=C(C(=O)C3=C(C=C(C=C3O2)O)O)OC4C(C(C(C(O4)C(=O)O)O)O)O)O)O	InChI=1S/C21H18O13/c22-7-4-10(25)12-11(5-7)32-17(6-1-2-8(23)9(24)3-6)18(13(12)26)33-21-16(29)14(27)15(28)19(34-21)20(30)31/h1-5,14-16,19,21-25,27-29H,(H,30,31)/t14-,15-,16+,19-,21+/m0/s1	quercetin glucuronide	477.2462522				19.97202434	NEWT:29760	Vitis vinifera (Grape)										2,756,709	5,770,093	6,845,538	5,973,071	4,407,788	4,662,343	7,068,613	5,535,321	5,821,467	9,514,274	7,858,008	8,336,083	4,567,125	2,894,972	2,758,294	8,218,413	7,718,128	8,847,454	11,534,438	6,821,414	10,488,663	3,509,743	3,669,241	7,107,077	8,793,695	8,171,141	5,351,082
CHEBI:17558|CHEBI:75859|CHEBI:75863|CHEBI:75886|CHEBI:75893|CHEBI:76041|CHEBI:76060	C21H20O11	C[C@@H]1O[C@@H](Oc2c(oc3cc(O)cc(O)c3c2=O)-c2ccc(O)c(O)c2)[C@H](O)[C@H](O)[C@H]1O|C[C@@H](O)[C@H]1O[C@H](Oc2c(oc3cc(O)cc(O)c3c2=O)-c2ccc(O)c(O)c2)[C@@H](O)[C@H]1O|C[C@@H]1O[C@@H](Oc2c(oc3cc(O)cc(O)c3c2=O)-c2ccc(O)c(O)c2)[C@@H](O)[C@H](O)[C@@H]1O|C[C@@H]1O[C@H](Oc2c(oc3cc(O)cc(O)c3c2=O)-c2ccc(O)c(O)c2)[C@@H](O)[C@H](O)[C@@H]1O|C[C@H](O)[C@@H]1O[C@@H](Oc2c(oc3cc(O)cc(O)c3c2=O)-c2ccc(O)c(O)c2)[C@H](O)[C@@H]1O|C[C@H](O)[C@@H]1O[C@H](Oc2c(oc3cc(O)cc(O)c3c2=O)-c2ccc(O)c(O)c2)[C@H](O)[C@@H]1O|C[C@H]1O[C@@H](Oc2c(oc3cc(O)cc(O)c3c2=O)-c2ccc(O)c(O)c2)[C@H](O)[C@@H](O)[C@H]1O	InChI=1S/C21H20O11/c1-7-15(26)17(28)18(29)21(30-7)32-20-16(27)14-12(25)5-9(22)6-13(14)31-19(20)8-2-3-10(23)11(24)4-8/h2-7,15,17-18,21-26,28-29H,1H3/t7-,15-,17+,18+,21-/m0/s1|InChI=1S/C21H20O11/c1-7(22)18-16(28)17(29)21(31-18)32-20-15(27)14-12(26)5-9(23)6-13(14)30-19(20)8-2-3-10(24)11(25)4-8/h2-7,16-18,21-26,28-29H,1H3/t7-,16-,17+,18-,21-/m1/s1|InChI=1S/C21H20O11/c1-7-15(26)17(28)18(29)21(30-7)32-20-16(27)14-12(25)5-9(22)6-13(14)31-19(20)8-2-3-10(23)11(24)4-8/h2-7,15,17-18,21-26,28-29H,1H3/t7-,15+,17+,18-,21-/m0/s1|InChI=1S/C21H20O11/c1-7-15(26)17(28)18(29)21(30-7)32-20-16(27)14-12(25)5-9(22)6-13(14)31-19(20)8-2-3-10(23)11(24)4-8/h2-7,15,17-18,21-26,28-29H,1H3/t7-,15+,17+,18-,21+/m0/s1|InChI=1S/C21H20O11/c1-7(22)18-16(28)17(29)21(31-18)32-20-15(27)14-12(26)5-9(23)6-13(14)30-19(20)8-2-3-10(24)11(25)4-8/h2-7,16-18,21-26,28-29H,1H3/t7-,16-,17+,18-,21-/m0/s1|InChI=1S/C21H20O11/c1-7(22)18-16(28)17(29)21(31-18)32-20-15(27)14-12(26)5-9(23)6-13(14)30-19(20)8-2-3-10(24)11(25)4-8/h2-7,16-18,21-26,28-29H,1H3/t7-,16-,17+,18-,21+/m0/s1|InChI=1S/C21H20O11/c1-7-15(26)17(28)18(29)21(30-7)32-20-16(27)14-12(25)5-9(22)6-13(14)31-19(20)8-2-3-10(23)11(24)4-8/h2-7,15,17-18,21-26,28-29H,1H3/t7-,15+,17+,18-,21+/m1/s1	quercetin-3-O-deoxyhexoside	447.7545929				22.15891555	NEWT:29760	Vitis vinifera (Grape)										308,439	1,194,366	1,261,919	63,626	94,158	130,733	863,944	233,059	476,399	928,989	657,878	643,265	119,545	27,854	38,750	844,657	1,011,748	624,388	4,554,191	155,123	573,933	362,068	976,313	651,797	615,349	205,580	462,635
CHEBI:68352	C21H20O12	OC[C@H]1O[C@@H](Oc2c(oc3cc(O)cc(O)c3c2=O)-c2ccc(O)c(O)c2)[C@H](O)[C@@H](O)[C@@H]1O	InChI=1S/C21H20O12/c22-6-13-15(27)17(29)18(30)21(32-13)33-20-16(28)14-11(26)4-8(23)5-12(14)31-19(20)7-1-2-9(24)10(25)3-7/h1-5,13,15,17-18,21-27,29-30H,6H2/t13-,15-,17+,18-,21+/m1/s1	quercetin-3-O-glucoside	463.4273235				20.24787183	NEWT:29760	Vitis vinifera (Grape)										5,106,162	9,436,577	11,084,902	11,672,203	6,030,780	6,454,204	10,175,769	6,808,419	6,663,980	13,338,445	10,109,714	10,631,964	6,515,406	5,064,650	4,678,324	14,122,171	13,898,974	12,261,531	12,301,344	7,018,297	13,609,947	5,620,763	5,400,923	10,881,544	12,495,690	11,236,660	8,104,804
unknown	C21H20O10			quercetin-O-pentoside	431.8999285				20.66634045	NEWT:29760	Vitis vinifera (Grape)										11,630	28,248	31,013	38,900	49,532	16,857	21,255	11,177	23,862	6,540	17,797	10,071	15,753	11,180	17,149	40,895	28,936	7,547	31,562	39,398	45,252	34,535	53,372	35,817	16,852	10,833	14,710
unknown	C22H22O14			tetrahydroxy-di methoxyflavanone-C-glucoside	509.3551895				17.81438573	NEWT:29760	Vitis vinifera (Grape)										8,032,290	7,162,348	6,376,424	6,143,961	6,502,611	5,056,520	5,930,591	3,562,335	4,032,040	6,243,301	5,375,669	6,865,757	5,512,493	6,342,310	5,076,095	4,661,828	2,398,932	7,696,002	15,357,012	13,681,938	14,909,721	9,382,334	7,137,627	6,978,023	8,956,996	10,459,350	8,228,366
unknown	C22H22O13			tetrahydroxy-di methoxyflavanone-O-glucoside	493.0992987				17.69402594	NEWT:29760	Vitis vinifera (Grape)										640,063	189,232	279,198	557,629	385,244	370,774	321,584	515,940	417,456	8,995,460	2,248,475	3,588,586	2,719,440	2,378,235	3,653,765	1,813,537	2,691,883	2,463,664	1,106,436	449,769	1,058,440	938,535	896,677	1,147,940	1,072,079	666,216	759,061
unknown	C21H24O10			tetrahydroxy-dihydrochalcone-O-hexoside	435.7476032				25.43406035	NEWT:29760	Vitis vinifera (Grape)										179,648	58,317	33,142	448,930	399,932	103,346	146,565	286,222	310,316	55,832	40,935	64,961	121,411	52,570	40,921	49,783	41,473	169,948	597,125	915,342	431,018	765,757	757,396	1,148,297	197,320	1,051,792	462,997
unknown	C20H18O11			tetrahydroxyflavanone-C-deoxyhexoside	433.9801008				23.20240847	NEWT:29760	Vitis vinifera (Grape)										1,731,371	1,298,644	1,501,507	1,350,624	2,877,499	2,066,950	2,022,114	1,551,237	1,848,497	1,420,399	960,790	908,553	2,084,048	1,029,920	825,527	1,356,897	1,033,517	2,670,185	3,857,481	2,790,513	2,807,558	2,637,076	2,656,066	2,075,746	2,876,791	3,330,892	1,782,493
unknown	C22H22O12			tetrahydroxy-monomethoxyflavanone-C-hexoside	478.9600255				16.034482	NEWT:29760	Vitis vinifera (Grape)										1,084,635	1,434,095	934,067	669,867	1,707,373	1,986,104	172,601	389,901	507,509	851,575	851,327	611,610	285,553	1,205,111	750,607	368,724	604,915	4,298,713	11,729,464	522,742	579,684	228,459	326,286	570,153	4,653,584	8,239,657	967,096
unknown	C22H22O13			tetrahydroxy-monomethoxyflavone-C-hexoside	495.2537989				15.64354702	NEWT:29760	Vitis vinifera (Grape)										663,734	548,587	575,337	538,282	570,503	433,870	412,144	329,082	368,735	747,053	523,251	531,265	451,074	306,089	277,710	276,771	316,259	642,597	860,985	958,485	1,180,333	520,707	504,611	621,042	651,131	665,513	617,275
unknown|unknown	C21H22O11			tetrhydroxyflavanone-O-hexoside|dihydrokaempferol-O-hexoside	449.7346033				12.62281292	NEWT:29760	Vitis vinifera (Grape)										39,699	77,501	53,114	32,367	65,658	113,627	126,844	62,429	95,192	174,578	116,632	103,086	129,070	89,062	101,120	119,536	129,047	146,491	87,832	89,602	97,614	75,522	72,613	109,483	141,740	92,074	94,180
unknown	C22H22O14			trihydroxy-dimethoxyflavanone-C-hexoside	511.3637624				13.72145356	NEWT:29760	Vitis vinifera (Grape)										576,089	170,028	274,422	172,431	388,273	190,605	369,950	363,893	380,626	198,268	306,516	356,145	227,385	598,442	447,903	384,477	289,647	671,001	819,346	676,679	504,539	1,058,163	1,155,018	614,895	721,583	944,729	553,533
unknown	C21H20O11			trihydroxyflavone-O-pentoside	447.8492325				13.2550664	NEWT:29760	Vitis vinifera (Grape)										427,047	308,424	201,472	374,127	392,430	266,638	683,516	906,803	836,245	9,013	45,191	48,582	260,355	38,591	22,069	20,036	31,931	234,305	7,470,249	420,193	215,760	2,795,097	2,768,036	608,198	235,971	735,553	465,231
CHEBI:76075|CHEBI:76082	C13H12O9	O[C@H]([C@H](OC(=O)C=Cc1ccc(O)c(O)c1)C(O)=O)C(O)=O|O[C@H]([C@H](OC(=O)C=C/c1ccc(O)c(O)c1)C(O)=O)C(O)=O	InChI=1S/C13H12O9/c14-7-3-1-6(5-8(7)15)2-4-9(16)22-11(13(20)21)10(17)12(18)19/h1-5,10-11,14-15,17H,(H,18,19)(H,20,21)/b4-2+/t10-,11+/m1/s1|InChI=1S/C13H12O9/c14-7-3-1-6(5-8(7)15)2-4-9(16)22-11(13(20)21)10(17)12(18)19/h1-5,10-11,14-15,17H,(H,18,19)(H,20,21)/b4-2-/t10-,11+/m1/s1	caffeoyl tartaric acid	311.300316				5.191192674	NEWT:29760	Vitis vinifera (Grape)										6,856,324	1,540,773	1,170,888	6,191,147	4,263,666	7,852,480	8,145,919	6,954,787	7,295,954	5,948,154	4,741,829	4,821,924	7,771,000	4,003,509	4,256,146	7,554,116	6,033,291	11,456,022	14,192,432	12,743,124	11,160,639	12,085,485	11,866,543	9,575,338	10,872,253	13,856,815	9,880,515
unknown				caffeoyl-hexose-pentose	644.9966309				5.403818802	NEWT:29760	Vitis vinifera (Grape)										359,500	55,284	27,416	600,385	390,509	608,507	629,470	322,930	620,371	1,484,804	826,638	700,493	565,046	738,637	772,709	1,148,496	1,101,511	738,007	529,207	622,405	539,010	713,055	611,629	618,960	672,117	700,339	645,665
CHEBI:76095|CHEBI:76096	C13H12O8	O[C@H]([C@H](OC(=O)C=Cc1ccc(O)cc1)C(O)=O)C(O)=O|O[C@H]([C@H](OC(=O)C=C/c1ccc(O)cc1)C(O)=O)C(O)=O	InChI=1S/C13H12O8/c14-8-4-1-7(2-5-8)3-6-9(15)21-11(13(19)20)10(16)12(17)18/h1-6,10-11,14,16H,(H,17,18)(H,19,20)/b6-3+/t10-,11+/m1/s1|InChI=1S/C13H12O8/c14-8-4-1-7(2-5-8)3-6-9(15)21-11(13(19)20)10(16)12(17)18/h1-6,10-11,14,16H,(H,17,18)(H,19,20)/b6-3-/t10-,11+/m1/s1	coumaroyl tartaric acid	295.3890906				8.299003053	NEWT:29760	Vitis vinifera (Grape)										3,176,336	122,314	145,531	5,147,625	3,500,604	4,001,451	3,643,468	1,740,972	3,007,615	4,941,154	3,042,689	3,112,496	4,008,889	1,381,784	1,382,800	2,472,357	2,408,652	7,592,698	11,554,240	7,789,407	7,193,531	7,689,786	7,920,533	5,065,196	7,939,848	9,626,900	6,705,620
CHEBI:71498|CHEBI:76089|CHEBI:76092|CHEBI:76093|CHEBI:76094	C15H18O8	OC[C@H]1O[C@@H](OC(=O)C=Cc2ccc(O)cc2)[C@H](O)[C@@H](O)[C@@H]1O|O[C@@H]1O[C@H](COC(=O)C=Cc2ccc(O)cc2)[C@@H](O)[C@H](O)[C@H]1O|O[C@H]1O[C@H](COC(=O)C=Cc2ccc(O)cc2)[C@@H](O)[C@H](O)[C@H]1O|OC[C@H]1O[C@@H](O)[C@H](O)[C@@H](OC(=O)C=C/c2ccc(O)cc2)[C@@H]1O|OC[C@H]1O[C@@H](O)[C@H](O)[C@@H](OC(=O)C=Cc2ccc(O)cc2)[C@@H]1O	InChI=1S/C15H18O8/c16-7-10-12(19)13(20)14(21)15(22-10)23-11(18)6-3-8-1-4-9(17)5-2-8/h1-6,10,12-17,19-21H,7H2/b6-3+/t10-,12-,13+,14-,15+/m1/s1|InChI=1S/C15H18O8/c16-9-4-1-8(2-5-9)3-6-11(17)22-7-10-12(18)13(19)14(20)15(21)23-10/h1-6,10,12-16,18-21H,7H2/b6-3+/t10-,12-,13+,14-,15-/m1/s1|InChI=1S/C15H18O8/c16-9-4-1-8(2-5-9)3-6-11(17)22-7-10-12(18)13(19)14(20)15(21)23-10/h1-6,10,12-16,18-21H,7H2/b6-3+/t10-,12-,13+,14-,15+/m1/s1|InChI=1S/C15H18O8/c16-7-10-12(19)14(13(20)15(21)22-10)23-11(18)6-3-8-1-4-9(17)5-2-8/h1-6,10,12-17,19-21H,7H2/b6-3-/t10-,12-,13-,14+,15-/m1/s1|InChI=1S/C15H18O8/c16-7-10-12(19)14(13(20)15(21)22-10)23-11(18)6-3-8-1-4-9(17)5-2-8/h1-6,10,12-17,19-21H,7H2/b6-3+/t10-,12-,13-,14+,15-/m1/s1	coumaroyl-hexoside	325.4743995				8.632452867	NEWT:29760	Vitis vinifera (Grape)										61,950	120,035	117,870	115,740	77,337	149,643	151,338	88,645	143,504	349,718	234,707	246,985	114,644	133,383	109,028	183,354	121,712	149,064	106,855	108,968	154,881	92,908	71,172	145,385	126,078	170,243	128,069
unknown|unknown	C14H14O9			feruloyl tartaric acid|feruloyl pentoside	326.0780162				11.36706388	NEWT:29760	Vitis vinifera (Grape)										445,753	163,307	74,085	289,130	203,591	359,230	186,211	188,059	141,157	36,350	165,066	255,777	390,715	226,299	217,885	391,062	86,547	200,069	594,607	299,725	376,452	278,829	276,969	191,141	170,661	334,848	280,141
CHEBI:24266	C6H12O7			gluconic acid	195.4506178				2.373776772	NEWT:29760	Vitis vinifera (Grape)										72,613	136,739	15,400	80,588	90,272	104,780	100,392	91,718	357,094	82,565	39,298	48,873	105,217	20,223	49,848	960,533	810,301	39,507	118,233	401,600	144,992	259,277	253,049	369,965	31,064	308,859	127,516
CHEBI:30769	C6H8O7	C(C(=O)O)C(CC(=O)O)(C(=O)O)O	InChI=1S/C6H8O7/c7-3(8)1-6(13,5(11)12)2-4(9)10/h13H,1-2H2,(H,7,8)(H,9,10)(H,11,12)	citric acid	191.3153633				3.039115341	NEWT:29760	Vitis vinifera (Grape)										3,206,861	3,136,751	2,951,509	3,430,104	3,603,484	2,654,753	2,394,742	2,459,221	2,143,619	1,303,951	1,222,399	1,276,661	2,472,478	1,382,698	1,311,776	944,465	885,667	1,837,559	4,194,056	3,472,008	3,408,298	3,926,416	3,880,527	3,046,487	1,776,298	2,916,814	3,361,756
CHEBI:6650	C4H6O5	C(C(C(=O)O)O)C(=O)O	InChI=1S/C4H6O5/c5-2(4(8)9)1-3(6)7/h2,5H,1H2,(H,6,7)(H,8,9)	malic acid	133.2694872				2.718607767	NEWT:29760	Vitis vinifera (Grape)										249,418	791,091	354,386	270,345	773,276	814,600	200,348	283,076	399,037	84,418	105,748	131,287	382,312	140,125	133,694	62,091	103,777	182,571	554,943	558,102	539,555	524,763	438,230	307,784	208,232	277,392	524,220
CHEBI:15674	C4H6O6	C(C(C(=O)O)O)(C(=O)O)O	InChI=1S/C4H6O6/c5-1(3(7)8)2(6)4(9)10/h1-2,5-6H,(H,7,8)(H,9,10)	tartaric acid	149.345269				2.524475427	NEWT:29760	Vitis vinifera (Grape)										972,928	1,534,180	1,997,435	940,061	1,113,288	771,479	1,349,032	1,657,249	1,248,871	174,636	390,817	354,825	671,836	51,570	162,551	503,016	565,142	1,063,294	2,283,771	1,887,157	1,676,786	1,239,084	1,331,242	820,155	639,073	1,839,244	1,451,987
unknown				ethyl-dihydroxybenzoic acid hexoside (hydroxytyrosol)	315.7507043				4.481458556	NEWT:29760	Vitis vinifera (Grape)										2,119,293	1,685,563	2,562,074	1,949,812	2,070,894	570,085	3,649,386	1,918,919	2,370,575	24,133	51,631	37,797	682,234	92,442	83,530	47,284	52,362	1,321,449	2,660,984	1,627,699	2,713,876	2,013,371	1,833,224	1,685,237	1,336,509	2,466,002	2,017,906
CHEBI:16856	C10H17N3O6S	C(CC(=O)NC(CS)C(=O)NCC(=O)O)C(C(=O)O)N	InChI=1S/C10H17N3O6S/c11-5(10(18)19)1-2-7(14)13-6(4-20)9(17)12-3-8(15)16/h5-6,20H,1-4,11H2,(H,12,17)(H,13,14)(H,15,16)(H,18,19)/t5-,6-/m0/s1	glutathione	306.4423942				3.044537447	NEWT:29760	Vitis vinifera (Grape)										27,876	43,360	44,482	46,401	133,968	96,857	53,891	39,330	59,262	55,830	39,986	37,563	98,224	32,744	34,577	63,415	50,996	100,743	146,071	136,061	136,559	193,132	133,512	122,189	129,873	163,607	122,216
CHEBI:76121	C17H22N2O7	N[C@@H](Cc1cn([C@@H]2O[C@H](CO)[C@@H](O)[C@H](O)[C@H]2O)c2ccccc12)C(O)=O	InChI=1S/C17H22N2O7/c18-10(17(24)25)5-8-6-19(11-4-2-1-3-9(8)11)16-15(23)14(22)13(21)12(7-20)26-16/h1-4,6,10,12-16,20-23H,5,7,18H2,(H,24,25)/t10-,12+,13+,14-,15+,16+/m0/s1	tryptophan-N-glucoside	366.9457543				15.81713311	NEWT:29760	Vitis vinifera (Grape)										1,788,831	340,276	260,149	733,965	636,530	497,710	710,808	1,024,792	888,820	115,032	58,266	52,181	532,091	95,271	66,833	111,442	98,648	464,919	728,802	881,848	623,706	975,947	1,435,723	1,256,433	473,004	971,142	816,442
CHEBI:33992	C15H14O6	C1C(C(OC2=CC(=CC(=C21)O)O)C3=CC(=C(C=C3)O)O)O	InChI=1S/C15H14O6/c16-8-4-11(18)9-6-13(20)15(21-14(9)5-8)7-1-2-10(17)12(19)3-7/h1-5,13,15-20H,6H2/t13-,15+/m1/s1	catechin	289.8693585				6.271645922	NEWT:29760	Vitis vinifera (Grape)										733,943	174,430	81,152	2,655,727	1,766,837	160,144	403,627	733,520	496,649	56,565	25,528	62,684	226,379	24,407	22,532	62,754	41,780	603,457	2,479,358	3,471,813	2,007,170	1,888,924	1,802,995	2,214,797	527,917	2,659,755	1,273,438
unknown				digalloyl-bis-HHDP-glucopyranose	1087.536094				2.834866601	NEWT:29760	Vitis vinifera (Grape)										956	3,348	149	1,266	561	1,589	744	1,053		1,479	2,816	1,423	2,190	1,872	2,542	3,677	1,729	2,746	2,434	926	1,560	3,124	7,345	2,115	1,985	681	1,805
CHEBI:310357	C15H14O6	C1C(C(OC2=CC(=CC(=C21)O)O)C3=CC(=C(C=C3)O)O)O	InChI=1S/C15H14O6/c16-8-4-11(18)9-6-13(20)15(21-14(9)5-8)7-1-2-10(17)12(19)3-7/h1-5,13,15-20H,6H2/t13-,15-/m0/s1	epicatechin	289.806909				12.70926189	NEWT:29760	Vitis vinifera (Grape)										429,671	142,119	118,151	464,780	251,123	196,247	272,732	246,194	280,693	57,756	167,791	103,606	215,533	38,455	135,634	149,552	120,826	153,153	260,764	285,372	147,350	653,179	394,632	284,441	166,855	331,162	242,238
CHEBI:70255|CHEBI:76126|CHEBI:76131|CHEBI:76132	C22H18O10	Oc1cc(O)c2C[C@@H](OC(=O)c3cc(O)c(O)c(O)c3)[C@H](Oc2c1)c1ccc(O)c(O)c1|Oc1cc(O)c2C[C@H](OC(=O)c3cc(O)c(O)c(O)c3)[C@@H](Oc2c1)c1ccc(O)c(O)c1|Oc1cc(O)c2C[C@@H](OC(=O)c3cc(O)c(O)c(O)c3)[C@@H](Oc2c1)c1ccc(O)c(O)c1|Oc1cc(O)c2C[C@H](OC(=O)c3cc(O)c(O)c(O)c3)[C@H](Oc2c1)c1ccc(O)c(O)c1	InChI=1S/C22H18O10/c23-11-6-14(25)12-8-19(32-22(30)10-4-16(27)20(29)17(28)5-10)21(31-18(12)7-11)9-1-2-13(24)15(26)3-9/h1-7,19,21,23-29H,8H2/t19-,21-/m1/s1|InChI=1S/C22H18O10/c23-11-6-14(25)12-8-19(32-22(30)10-4-16(27)20(29)17(28)5-10)21(31-18(12)7-11)9-1-2-13(24)15(26)3-9/h1-7,19,21,23-29H,8H2/t19-,21-/m0/s1|InChI=1S/C22H18O10/c23-11-6-14(25)12-8-19(32-22(30)10-4-16(27)20(29)17(28)5-10)21(31-18(12)7-11)9-1-2-13(24)15(26)3-9/h1-7,19,21,23-29H,8H2/t19-,21+/m1/s1|InChI=1S/C22H18O10/c23-11-6-14(25)12-8-19(32-22(30)10-4-16(27)20(29)17(28)5-10)21(31-18(12)7-11)9-1-2-13(24)15(26)3-9/h1-7,19,21,23-29H,8H2/t19-,21+/m0/s1	epicatechin-3-gallate|epicatechin-3-gallate|catechin-3-gallate|catechin-3-gallate	441.9241468				17.50416388	NEWT:29760	Vitis vinifera (Grape)										153,843	140,851	102,216	208,782	153,533	129,917	112,210	57,110	129,592	46,836	133,120	82,939	116,432	33,766	32,630	61,637	61,771	103,797	272,003	219,050	165,025	151,046	116,967	152,894	89,914	134,845	173,073
CHEBI:10556|CHEBI:76137|CHEBI:76139|CHEBI:76140|CHEBI:76142|CHEBI:76143|CHEBI:76145|CHEBI:76146	C28H22O6			E-viniferin	453.6353119				35.67780472	NEWT:29760	Vitis vinifera (Grape)										4,463,272	55,866	20,240	2,733,158	40,787	57,819	43,099	20,398	90,461	47,936	115,565	138,260	93,078	173,657	169,344	317,346	251,981	27,193	80,157	90,849	22,012	41,617	64,946	103,859	39,871	46,593	37,711
CHEBI:24183	C13H16O10			monogalloyl glucose	332.0196857				3.526303105	NEWT:29760	Vitis vinifera (Grape)										1,111,393	669,994	401,579	1,408,633	660,397	691,678	545,344	506,175	577,104	114,175	60,666	64,345	714,410	86,800	84,125	59,042	51,535	924,260	1,298,667	2,019,377	1,257,902	2,730,312	2,574,773	2,012,907	882,107	2,928,945	1,625,744
CHEBI:75633|CHEBI:75632|CHEBI:75630|CHEBI:27589|CHEBI:75621|CHEBI:75619|CHEBI:75618|CHEBI:75661	C30H26O12			proanthocyanidin P2 type	577.3356215				4.71540971	NEWT:29760	Vitis vinifera (Grape)										2,518,169	812,584	671,545	3,544,041	2,207,132	2,050,034	1,043,457	1,063,497	907,949	4,660,462	4,144,631	4,163,544	2,152,745	2,352,699	4,646,401	3,498,895	3,516,413	3,358,162	4,774,830	4,989,178	3,832,482	3,478,662	3,366,686	2,990,198	3,323,459	3,727,095	2,827,226
CHEBI:75633|CHEBI:75632|CHEBI:75630|CHEBI:27589|CHEBI:75621|CHEBI:75619|CHEBI:75618|CHEBI:75661	C30H26O12			proanthocyanidin P2 type	577.1818791				7.235955917	NEWT:29760	Vitis vinifera (Grape)										150,199	365,343	50,882	788,058	1,062,225	901,024	468,807	1,088,526	785,378	960,948	839,300	713,799	902,264	1,421,830	1,782,851	1,354,322	1,520,655	923,481	1,397,428	2,429,448	766,961	1,795,363	1,702,069	2,367,997	895,743	1,808,994	459,061
CHEBI:75633|CHEBI:75632|CHEBI:75630|CHEBI:27589|CHEBI:75621|CHEBI:75619|CHEBI:75618|CHEBI:75661	C30H26O12			proanthocyanidin P2 type	577.1301346				14.2242896	NEWT:29760	Vitis vinifera (Grape)										255,605	94,530	101,629	314,645	194,195	252,515	99,357	155,417	135,614	358,654	414,899	447,199	248,510	312,578	302,371	374,706	375,917	429,027	825,831	667,609	584,065	338,356	419,443	417,324	428,978	375,283	336,471
CHEBI:75633|CHEBI:75632|CHEBI:75630|CHEBI:27589|CHEBI:75621|CHEBI:75619|CHEBI:75618|CHEBI:75661	C30H26O12			proanthocyanidin P2 type	577.1783405				8.114524506	NEWT:29760	Vitis vinifera (Grape)										179,274	370,072	105,243	310,042	581,795	285,079	247,127	476,282	248,136	213,757	262,987	294,891	328,851	531,014	489,995	783,624	837,649	282,822	408,120	685,672	258,552	748,165	326,119	1,202,951	286,268	460,274	171,073
CHEBI:75633|CHEBI:75632|CHEBI:75630|CHEBI:27589|CHEBI:75621|CHEBI:75619|CHEBI:75618|CHEBI:75661	C30H26O12			proanthocyanidin P2 type	577.1428108				9.732930323	NEWT:29760	Vitis vinifera (Grape)										331,585	4,656	12,279	370,509	7,614	17,767	5,728	7,241	2,039	11,902	21,653	22,999	72,519	34,284	47,697	16,395	29,396	17,109	9,920	28,005	10,777	22,195	11,506	34,365	14,274	15,603	15,389
CHEBI:75642|CHEBI:75643|CHEBI:75644	C45H38O18	O[C@H]1Cc2c(O[C@@H]1c1ccc(O)c(O)c1)cc(O)c([C@@H]1[C@@H](O)[C@H](Oc3c([C@@H]4[C@@H](O)[C@H](Oc5cc(O)cc(O)c45)c4ccc(O)c(O)c4)c(O)cc(O)c13)c1ccc(O)c(O)c1)c2O|O[C@@H]1Cc2c(O)cc(O)c([C@@H]3[C@@H](O)[C@H](Oc4c([C@@H]5[C@@H](O)[C@H](Oc6cc(O)cc(O)c56)c5ccc(O)c(O)c5)c(O)cc(O)c34)c3ccc(O)c(O)c3)c2O[C@@H]1c1ccc(O)c(O)c1|O[C@H]1Cc2c(O)cc(O)c([C@H]3[C@H](O)[C@H](Oc4c([C@H]5[C@H](O)[C@H](Oc6cc(O)cc(O)c56)c5ccc(O)c(O)c5)c(O)cc(O)c34)c3ccc(O)c(O)c3)c2O[C@@H]1c1ccc(O)c(O)c1	InChI=1S/C45H38O18/c46-18-10-26(53)33-32(11-18)62-43(16-2-5-21(48)24(51)8-16)40(59)37(33)35-27(54)13-28(55)36-38(41(60)44(63-45(35)36)17-3-6-22(49)25(52)9-17)34-29(56)14-31-19(39(34)58)12-30(57)42(61-31)15-1-4-20(47)23(50)7-15/h1-11,13-14,30,37-38,40-44,46-60H,12H2/t30-,37+,38-,40+,41+,42+,43+,44+/m0/s1|InChI=1S/C45H38O18/c46-18-10-27(54)33-32(11-18)61-42(16-2-5-21(48)25(52)8-16)39(59)37(33)35-29(56)14-30(57)36-38(40(60)43(63-45(35)36)17-3-6-22(49)26(53)9-17)34-28(55)13-23(50)19-12-31(58)41(62-44(19)34)15-1-4-20(47)24(51)7-15/h1-11,13-14,31,37-43,46-60H,12H2/t31-,37-,38+,39-,40-,41-,42-,43-/m1/s1|InChI=1S/C45H38O18/c46-18-10-27(54)33-32(11-18)61-42(16-2-5-21(48)25(52)8-16)39(59)37(33)35-29(56)14-30(57)36-38(40(60)43(63-45(35)36)17-3-6-22(49)26(53)9-17)34-28(55)13-23(50)19-12-31(58)41(62-44(19)34)15-1-4-20(47)24(51)7-15/h1-11,13-14,31,37-43,46-60H,12H2/t31-,37-,38+,39-,40-,41+,42+,43+/m0/s1	proanthocyanidin P3 type (trImer)	865.141982				13.48908195	NEWT:29760	Vitis vinifera (Grape)										105,237	10,349	31,554	163,168	112,300	79,718	135,910	95,098	129,399	21,398	9,062	34,704	75,906	11,273	16,046	8,950	8,546	71,197	235,149	191,773	153,663	108,359	111,490	71,887	87,302	86,959	113,262
CHEBI:75642|CHEBI:75643|CHEBI:75644	C45H38O18	O[C@H]1Cc2c(O[C@@H]1c1ccc(O)c(O)c1)cc(O)c([C@@H]1[C@@H](O)[C@H](Oc3c([C@@H]4[C@@H](O)[C@H](Oc5cc(O)cc(O)c45)c4ccc(O)c(O)c4)c(O)cc(O)c13)c1ccc(O)c(O)c1)c2O|O[C@@H]1Cc2c(O)cc(O)c([C@@H]3[C@@H](O)[C@H](Oc4c([C@@H]5[C@@H](O)[C@H](Oc6cc(O)cc(O)c56)c5ccc(O)c(O)c5)c(O)cc(O)c34)c3ccc(O)c(O)c3)c2O[C@@H]1c1ccc(O)c(O)c1|O[C@H]1Cc2c(O)cc(O)c([C@H]3[C@H](O)[C@H](Oc4c([C@H]5[C@H](O)[C@H](Oc6cc(O)cc(O)c56)c5ccc(O)c(O)c5)c(O)cc(O)c34)c3ccc(O)c(O)c3)c2O[C@@H]1c1ccc(O)c(O)c1	InChI=1S/C45H38O18/c46-18-10-26(53)33-32(11-18)62-43(16-2-5-21(48)24(51)8-16)40(59)37(33)35-27(54)13-28(55)36-38(41(60)44(63-45(35)36)17-3-6-22(49)25(52)9-17)34-29(56)14-31-19(39(34)58)12-30(57)42(61-31)15-1-4-20(47)23(50)7-15/h1-11,13-14,30,37-38,40-44,46-60H,12H2/t30-,37+,38-,40+,41+,42+,43+,44+/m0/s1|InChI=1S/C45H38O18/c46-18-10-27(54)33-32(11-18)61-42(16-2-5-21(48)25(52)8-16)39(59)37(33)35-29(56)14-30(57)36-38(40(60)43(63-45(35)36)17-3-6-22(49)26(53)9-17)34-28(55)13-23(50)19-12-31(58)41(62-44(19)34)15-1-4-20(47)24(51)7-15/h1-11,13-14,31,37-43,46-60H,12H2/t31-,37-,38+,39-,40-,41-,42-,43-/m1/s1|InChI=1S/C45H38O18/c46-18-10-27(54)33-32(11-18)61-42(16-2-5-21(48)25(52)8-16)39(59)37(33)35-29(56)14-30(57)36-38(40(60)43(63-45(35)36)17-3-6-22(49)26(53)9-17)34-28(55)13-23(50)19-12-31(58)41(62-44(19)34)15-1-4-20(47)24(51)7-15/h1-11,13-14,31,37-43,46-60H,12H2/t31-,37-,38+,39-,40-,41+,42+,43+/m0/s1	proanthocyanidin P3 type (trImer)	865.1312744				4.64877158	NEWT:29760	Vitis vinifera (Grape)										289,408	180,995	142,652	113,147	118,663	162,100	138,959	133,467	74,495	96,710	24,468	24,866	201,968	67,797	68,559	24,688	32,457	74,275	66,438	78,516	95,610	120,593	119,957	102,431	108,802	55,616	84,772
CHEBI:75647|CHEBI:75651|CHEBI:75652|CHEBI:75653|CHEBI:75655|CHEBI:75656|CHEBI:75660|CHEBI:75662|CHEBI:75663	C37H30O16			procyanidin P2G1 type	729.093774				13.22262534	NEWT:29760	Vitis vinifera (Grape)										88,697	85,691	96,906	135,718	101,321	63,140	97,418	155,544	131,544	80,046	142,489	121,351	45,307	130,560	150,640	118,362	111,146	114,684	102,739	143,390	104,712	149,225	165,897	125,076	115,117	88,867	150,112
CHEBI:75664|CHEBI:75666|CHEBI:75667|CHEBI:75668|CHEBI:75669|CHEBI:75670|CHEBI:75671|CHEBI:75672|CHEBI:75673|CHEBI:75674	C30H26O13			procyanidin PPg type	593.1968891				3.344684984	NEWT:29760	Vitis vinifera (Grape)										361,899	104,812	106,197	350,467	253,100	364,224	192,306	121,877	117,441	1,009,800	716,184	688,454	414,190	546,430	622,150	795,709	831,653	836,581	765,549	402,459	581,400	396,720	428,260	326,846	833,541	577,925	420,298
unknown				tetrameric procyanidin with 1 unit of epigallocatechin	1161.245937				2.732159332	NEWT:29760	Vitis vinifera (Grape)										29,879	18,243	12,182	49,554	22,547	21,087	29,541	27,865	32,102	24,129	12,904	32,432	28,863	28,020	43,884	30,801	14,856	24,559	4,715	53,262	30,477	42,563	62,341	40,324	43,909	28,042	40,717
unknown				di-hexose derivative	439.2168772				2.7135443	NEWT:29760	Vitis vinifera (Grape)										14,699,576	13,611,712	14,462,477	17,982,823	14,886,564	14,768,263	17,388,065	14,168,130	17,699,218	17,333,132	18,441,600	18,333,833	14,359,498	19,086,151	19,554,751	19,225,830	19,289,316	19,894,911	17,214,920	17,624,170	19,162,297	16,235,940	15,782,864	17,965,648	19,603,738	21,549,004	17,318,541
unknown				di-hexose derivative	515.2994126				2.3281395	NEWT:29760	Vitis vinifera (Grape)										664,337	1,934,499	2,808,942	2,057,639	2,148,510	1,654,365	2,858,813	3,337,562	3,387,721	2,387,269	2,707,549	2,741,972	1,237,604	3,314,018	2,568,191	1,295,699	1,164,130	1,014,344	2,982,950	2,662,364	2,160,055	3,012,205	2,662,353	2,040,325	940,790	555,896	1,783,521
unknown				di-hexose derivative	601.0368261				2.705219053	NEWT:29760	Vitis vinifera (Grape)										473,987	327,259	307,859	555,146	382,258	454,287	513,754	472,151	536,907	433,328	416,766	424,463	374,876	451,373	444,407	502,800	522,091	669,678	711,185	722,020	703,747	741,961	629,313	568,204	639,559	687,563	469,486
unknown				di-hexose derivative	388.8662186				2.352131494	NEWT:29760	Vitis vinifera (Grape)										207,867	262,906	286,483	534,319	869,840	638,669	292,777	551,807	373,108	350,861	247,208	393,811	627,371	567,163	478,105	990,482	855,627	331,349	986,239	646,813	928,142	340,277	393,264	382,387	399,132	141,087	259,509
unknown				di-hexose derivative	516.74425				2.339561588	NEWT:29760	Vitis vinifera (Grape)										69,868	141,231	60,762	124,704	105,181	119,284	188,064	98,157	182,978	394,980	554,336	330,249	283,742	272,682	158,685	534,928	381,488	326,432	172,232	135,578	186,406	179,313	135,323	151,103	356,161	148,236	142,041
unknown				putative di-hexose derivative	487.6453468				2.383926069	NEWT:29760	Vitis vinifera (Grape)										253,677	545,663	1,048,856	361,570	331,414	93,339	693,660	659,293	818,112	442,518	1,174,307	215,319	126,347	224,777	118,619	895,624	922,571	713,045	873,814	605,559	924,192	384,992	412,927	318,301	378,579	295,889	741,506
CHEBI:17992	C12H22O11	OC[C@H]1O[C@H](O[C@]2(CO)O[C@H](CO)[C@@H](O)[C@@H]2O)[C@H](O)[C@@H](O)[C@@H]1O	InChI=1S/C12H22O11/c13-1-4-6(16)8(18)9(19)11(21-4)23-12(3-15)10(20)7(17)5(2-14)22-12/h4-11,13-20H,1-3H2/t4-,5-,6-,7-,8+,9-,10+,11-,12+/m1/s1	di-hexose (sucrose)	341.7258938				2.52103908	NEWT:29760	Vitis vinifera (Grape)										1,408,109	413,405	458,124	1,371,232	841,370	324,480	545,949	1,142,483	786,085	114,679	90,365	91,174	183,958	67,204	122,925	53,630	151,704	1,084,028	702,705	845,544	1,077,413	2,131,425	2,247,412	1,332,312	1,115,492	1,419,275	887,359
CHEBI:18133	C6H12O6			hexose	179.5236958				2.399425637	NEWT:29760	Vitis vinifera (Grape)										202,476	171,089	177,519	230,168	204,093	197,527	214,454	186,498	231,938	353,893	226,062	221,934	181,611	166,903	165,816	142,082	150,548	181,020	238,293	243,656	138,963	174,696	230,373	252,093	233,656	212,068	235,897
CHEBI:76155	C20H22O8	OC[C@H]1O[C@@H](Oc2cc(O)cc(C=C/c3ccc(O)cc3)c2)[C@H](O)[C@@H](O)[C@@H]1O	InChI=1S/C20H22O8/c21-10-16-17(24)18(25)19(26)20(28-16)27-15-8-12(7-14(23)9-15)2-1-11-3-5-13(22)6-4-11/h1-9,16-26H,10H2/b2-1-/t16-,17-,18+,19-,20-/m1/s1	cis-piceid dimer	455.1180721				19.71845306	NEWT:29760	Vitis vinifera (Grape)										15,512	6,296	3,621	99,227	17,050	7,920	45,917	19,804	32,603	32,451	11,864	13,483	11,848	17,797	15,050	28,839	27,112	93,871	142,620	68,854	68,454	147,750	152,565	61,881	98,992	164,486	99,541
CHEBI:76155	C20H22O8	OC[C@H]1O[C@@H](Oc2cc(O)cc(C=C/c3ccc(O)cc3)c2)[C@H](O)[C@@H](O)[C@@H]1O	InChI=1S/C20H22O8/c21-10-16-17(24)18(25)19(26)20(28-16)27-15-8-12(7-14(23)9-15)2-1-11-3-5-13(22)6-4-11/h1-9,16-26H,10H2/b2-1-/t16-,17-,18+,19-,20-/m1/s1	cis-resveratrol-O-glucoside (cis-piceide)	389.6490864				18.21287235	NEWT:29760	Vitis vinifera (Grape)										155,597	98,377	48,713	24,820	59,000	108,009	67,537	21,586	25,718	63,229	60,485	61,819	103,795	112,693	103,645	86,367	86,519	200,627	557,530	326,428	381,279	240,136	230,892	88,617	105,933	240,013	172,836
CHEBI:76141|CHEBI:76147|CHEBI:76148|CHEBI:76149	C28H22O6			D-viniferin	453.9136314				41.25444196	NEWT:29760	Vitis vinifera (Grape)										47,282	36,890	19,659	64,200	39,304	10,190	18,133	35,866	30,601	10,461	11,528	13,320	20,645	15,192	23,110	10,981	10,512	30,467	173,185	272,572	185,441	139,002	135,886	86,202	29,246	78,631	36,310
unknown	C28H24O7			oxidised resveratrol dimer	471.5481289				12.44932606	NEWT:29760	Vitis vinifera (Grape)										335,469	295,576	163,436	251,163	250,225	297,951	597,837	193,055	375,978	80,042	57,515	61,511	307,591	94,837	78,211	117,668	108,375	213,844	252,195	205,541	276,014	353,299	366,615	307,679	191,783	303,458	298,576
CHEBI:76157	C20H22O9	OC[C@H]1O[C@@H](Oc2cc(O)cc(C=C/c3ccc(O)c(O)c3)c2)[C@H](O)[C@@H](O)[C@@H]1O	InChI=1S/C20H22O9/c21-9-16-17(25)18(26)19(27)20(29-16)28-13-6-11(5-12(22)8-13)2-1-10-3-4-14(23)15(24)7-10/h1-8,16-27H,9H2/b2-1-/t16-,17-,18+,19-,20-/m1/s1	putative cis-astringin	405.8907369				14.49005373	NEWT:29760	Vitis vinifera (Grape)										58,076	24,825	71,874	109,946	17,215	6,544	50,839	117,675	36,145	2,439	11,424	8,686	8,392	12,461	24,770	13,708	22,714	11,741	33,264	29,030	19,572	103,986	99,186	39,684	6,639	19,257	11,755
CHEBI:76191|CHEBI:76173|CHEBI:76192	C28H22O6	Oc1ccc(cc1)[C@H]1Oc2cc(O)cc3C[C@@H](c4ccc(O)cc4)c4c(O)cc(O)cc4[C@H]1c23|Oc1ccc(cc1)[C@H]1[C@H]2[C@H]([C@@H](c3c2cc(O)cc3O)c2ccc(O)cc2)c2cc(O)cc(O)c12|Oc1ccc(C=C2/[C@H]([C@@H](c3c2cc(O)cc3O)c2ccc(O)cc2)c2cc(O)cc(O)c2)cc1	InChI=1S/C28H22O6/c29-17-5-1-14(2-6-17)21-10-16-9-19(31)13-24-25(16)27(22-11-20(32)12-23(33)26(21)22)28(34-24)15-3-7-18(30)8-4-15/h1-9,11-13,21,27-33H,10H2/t21-,27-,28+/m0/s1|InChI=1S/C28H22O6/c29-15-5-1-13(2-6-15)23-25-19(9-17(31)11-21(25)33)28-24(14-3-7-16(30)8-4-14)26-20(27(23)28)10-18(32)12-22(26)34/h1-12,23-24,27-34H/t23-,24-,27+,28+/m1/s1|InChI=1S/C28H22O6/c29-18-5-1-15(2-6-18)9-23-24-13-22(33)14-25(34)28(24)27(16-3-7-19(30)8-4-16)26(23)17-10-20(31)12-21(32)11-17/h1-14,26-27,29-34H/b23-9-/t26-,27+/m1/s1	putative resveratrol dimer	452.3048217				18.12872722	NEWT:29760	Vitis vinifera (Grape)										9,757	2,095	729	38,453	14,540	32,665	29,435	9,445	15,259	50,961	47,232	38,915	55,114	54,901	61,432	104,698	59,076	103,550	74,517	73,305	64,086	51,586	68,446	22,379	92,908	103,665	41,515
CHEBI:10556|CHEBI:76137|CHEBI:76139|CHEBI:76140|CHEBI:76141|CHEBI:76142|CHEBI:76143|CHEBI:76145|CHEBI:76146|CHEBI:76147|CHEBI:76173|CHEBI:76191|CHEBI:76192	C28H22O6			putative resveratrol dimer or viniferin	453.6686601				25.67605638	NEWT:29760	Vitis vinifera (Grape)										12,449	38,473	19,523	200,349	156,934	30,739	34,656	40,580	54,468	12,159	12,138	24,945	29,778	13,445	12,819	9,509	9,101	16,330	72,984	351,953	119,323	193,405	214,182	198,728	29,492	104,402	102,469
unknown				putative resveratrol dimer-hexoside	521.4227383				15.16034966	NEWT:29760	Vitis vinifera (Grape)										82,756	9,654	12,293	123,242	48,859	73,208	20,340	19,125	31,217	146,162	149,278	214,802	106,941	144,147	160,819	25,781	56,788	188,368	456,347	510,908	190,735	246,951	212,384	250,639	182,510	280,473	189,735
unknown				putative resveratrol tetramer	905.3299861				30.77888472	NEWT:29760	Vitis vinifera (Grape)										25,178	45,459	8,411	52,072	94,180	89,043	11,633	19,175	21,874	13,446	3,485	3,328	84,230	31,629	33,310	3,569	4,475	20,204	343,068	792,089	287,182	172,755	156,952	174,028	19,166	242,301	81,387
unknown				putative resveratrol tetramer	905.3073343				36.47490889	NEWT:29760	Vitis vinifera (Grape)										121,773	7,976	4,037	13,809	25,476	16,079	4,460	9,279	9,492	3,560	2,265	1,164	15,440	5,747	10,013	897	2,052	6,786	51,386	145,684	64,678	76,244	55,695	72,295	5,713	43,708	16,105
unknown				putative resveratrol trimer	679.2717437				34.38811477	NEWT:29760	Vitis vinifera (Grape)										11,462	15,111	4,384	36,369	64,096	31,941	9,800	16,556	24,652	3,627	3,102	1,739	34,169	14,662	14,428	3,481	4,013	18,166	37,600	186,087	72,539	85,918	94,937	98,673	13,595	98,539	29,225
unknown				putative resveratrol trimer	679.297481				40.57397664	NEWT:29760	Vitis vinifera (Grape)										32,400	16,521	3,734	58,776	22,341	20,420	4,774	5,173	14,000	8,697	4,251	6,687	11,680	9,941	12,956	5,339	4,238	11,441	91,793	143,026	52,408	27,195	21,595	18,336	5,501	37,838	21,776
unknown				putative resveratrol trimer	679.3643773				42.62761597	NEWT:29760	Vitis vinifera (Grape)										13,882	21,891	7,496	46,592	8,982	5,821	9,213	2,197	13,562	16,061	7,740	2,914	5,863	9,714	20,410	8,860	9,304	8,913	171,899	295,938	117,869	28,070	37,856	51,610	10,727	41,283	11,577
CHEBI:76191|CHEBI:76173|CHEBI:76192	C28H22O6	Oc1ccc(cc1)[C@H]1Oc2cc(O)cc3C[C@@H](c4ccc(O)cc4)c4c(O)cc(O)cc4[C@H]1c23|Oc1ccc(cc1)[C@H]1[C@H]2[C@H]([C@@H](c3c2cc(O)cc3O)c2ccc(O)cc2)c2cc(O)cc(O)c12|Oc1ccc(C=C2/[C@H]([C@@H](c3c2cc(O)cc3O)c2ccc(O)cc2)c2cc(O)cc(O)c2)cc1	InChI=1S/C28H22O6/c29-17-5-1-14(2-6-17)21-10-16-9-19(31)13-24-25(16)27(22-11-20(32)12-23(33)26(21)22)28(34-24)15-3-7-18(30)8-4-15/h1-9,11-13,21,27-33H,10H2/t21-,27-,28+/m0/s1|InChI=1S/C28H22O6/c29-15-5-1-13(2-6-15)23-25-19(9-17(31)11-21(25)33)28-24(14-3-7-16(30)8-4-14)26-20(27(23)28)10-18(32)12-22(26)34/h1-12,23-24,27-34H/t23-,24-,27+,28+/m1/s1|InChI=1S/C28H22O6/c29-18-5-1-15(2-6-18)9-23-24-13-22(33)14-25(34)28(24)27(16-3-7-19(30)8-4-16)26(23)17-10-20(31)12-21(32)11-17/h1-14,26-27,29-34H/b23-9-/t26-,27+/m1/s1	resveratrol dimer	453.7674246				22.3387246	NEWT:29760	Vitis vinifera (Grape)										158,003	164,692	179,689	170,970	100,562	73,730	200,239	126,697	125,008	14,254	9,033	26,653	53,167	22,565	8,780	24,557	13,370	57,261	95,959	42,184	108,934	51,996	36,376	60,172	51,411	95,115	99,038
CHEBI:76191|CHEBI:76173|CHEBI:76192	C28H22O6	Oc1ccc(cc1)[C@H]1Oc2cc(O)cc3C[C@@H](c4ccc(O)cc4)c4c(O)cc(O)cc4[C@H]1c23|Oc1ccc(cc1)[C@H]1[C@H]2[C@H]([C@@H](c3c2cc(O)cc3O)c2ccc(O)cc2)c2cc(O)cc(O)c12|Oc1ccc(C=C2/[C@H]([C@@H](c3c2cc(O)cc3O)c2ccc(O)cc2)c2cc(O)cc(O)c2)cc1	InChI=1S/C28H22O6/c29-17-5-1-14(2-6-17)21-10-16-9-19(31)13-24-25(16)27(22-11-20(32)12-23(33)26(21)22)28(34-24)15-3-7-18(30)8-4-15/h1-9,11-13,21,27-33H,10H2/t21-,27-,28+/m0/s1|InChI=1S/C28H22O6/c29-15-5-1-13(2-6-15)23-25-19(9-17(31)11-21(25)33)28-24(14-3-7-16(30)8-4-14)26-20(27(23)28)10-18(32)12-22(26)34/h1-12,23-24,27-34H/t23-,24-,27+,28+/m1/s1|InChI=1S/C28H22O6/c29-18-5-1-15(2-6-18)9-23-24-13-22(33)14-25(34)28(24)27(16-3-7-19(30)8-4-16)26(23)17-10-20(31)12-21(32)11-17/h1-14,26-27,29-34H/b23-9-/t26-,27+/m1/s1	resveratrol trimer	679.3062372				39.01816372	NEWT:29760	Vitis vinifera (Grape)										29,773	39,215	2,505	34,850	11,748	6,994	4,950	8,277	12,829	16,778	3,908	3,856	12,221	11,965	7,606	5,339	5,370	12,023	292,302	358,760	178,822	40,216	39,620	53,961	9,881	66,987	41,007
CHEBI:2899	C20H22O9	OC[C@H]1O[C@@H](Oc2cc(O)cc(C=Cc3ccc(O)c(O)c3)c2)[C@H](O)[C@@H](O)[C@@H]1O	InChI=1S/C20H22O9/c21-9-16-17(25)18(26)19(27)20(29-16)28-13-6-11(5-12(22)8-13)2-1-10-3-4-14(23)15(24)7-10/h1-8,16-27H,9H2/b2-1+/t16-,17-,18+,19-,20-/m1/s1	trans-astringin	405.8273453				20.31103792	NEWT:29760	Vitis vinifera (Grape)										144,134	110,777	45,879	69,196	66,728	92,311	24,265	45,750	33,912	33,902	69,357	80,939	87,732	152,792	107,331	54,134	43,666	27,070	47,442	47,040	70,616	69,506	70,016	62,780	42,746	78,150	70,850
CHEBI:8198	C20H22O8	OC[C@H]1O[C@@H](Oc2cc(O)cc(C=Cc3ccc(O)cc3)c2)[C@H](O)[C@@H](O)[C@@H]1O	InChI=1S/C20H22O8/c21-10-16-17(24)18(25)19(26)20(28-16)27-15-8-12(7-14(23)9-15)2-1-11-3-5-13(22)6-4-11/h1-9,16-26H,10H2/b2-1+/t16-,17-,18+,19-,20-/m1/s1	trans-piceide (trans-resveratrol-O-glucoside)	390.060623				24.88485597	NEWT:29760	Vitis vinifera (Grape)										619,847	726,842	1,363,232	1,992,101	3,164,218	1,558,281	3,955,575	2,055,640	5,340,946	31,207	101,892	53,394	1,575,594	175,585	157,690	78,420	59,405	2,104,967	2,547,263	4,399,847	3,830,403	5,388,263	5,231,318	3,074,631	2,135,150	5,737,781	2,238,889
